,Component name,Component version name,Match type,License names,License families,Review Status,Component id,Version id,License ids
0,@alloc/quick-lru,5.2.0,Transitive Dependency,MIT License,PERMISSIVE,NOT_REVIEWED,c2679f27-a75c-40a2-9e15-ac50ad03b7b6,a13c0d5e-aa09-4273-afda-5f8a2b9a22a8,ad705c59-6893-4980-bdbf-0837f1823cc4
1,@babel/runtime,7.29.7,Transitive Dependency,MIT License,PERMISSIVE,NOT_REVIEWED,ad5ac329-c2d6-4956-b653-ba22ca55f04b,59daa473-f274-4cb8-86f6-ed30ee95ac6c,ad705c59-6893-4980-bdbf-0837f1823cc4
2,@floating-ui/core,1.8.0,Transitive Dependency,MIT License,PERMISSIVE,NOT_REVIEWED,1d8d2d3d-27f1-4fc8-af4f-a962fa6f794b,83c82dba-ff41-4dd2-94e8-44fe1df7a6f8,ad705c59-6893-4980-bdbf-0837f1823cc4
3,@floating-ui/dom,1.8.0,Transitive Dependency,MIT License,PERMISSIVE,NOT_REVIEWED,9026c3d3-e870-4b1d-9031-4781578529e7,bee0115f-b668-42b8-b6cd-f3e263eb2cfb,ad705c59-6893-4980-bdbf-0837f1823cc4
4,@floating-ui/react,0.27.20,Transitive Dependency,MIT License,PERMISSIVE,NOT_REVIEWED,283f8468-4492-429b-80f0-4eef51431da1,0dd3429a-a69f-47c4-b001-23cfe9dc9b9c,ad705c59-6893-4980-bdbf-0837f1823cc4
5,@floating-ui/react-dom,2.1.9,Transitive Dependency,MIT License,PERMISSIVE,NOT_REVIEWED,7055d767-b120-4ef3-ba87-a320f03909cf,7566c59b-a507-4f03-bcb2-2b8ea6eb284a,ad705c59-6893-4980-bdbf-0837f1823cc4
6,@floating-ui/utils,0.2.12,Transitive Dependency,MIT License,PERMISSIVE,NOT_REVIEWED,e943918b-b938-4dc9-8848-88692c7dc207,4bb3a3e5-0add-4be4-bdf6-01bd02d2388d,ad705c59-6893-4980-bdbf-0837f1823cc4
7,@fontsource/open-sans,5.3.0,Direct Dependency,SIL Open Font License 1.1,WEAK_RECIPROCAL,REVIEWED,9d98e5c1-1e4e-44f6-aacc-e7e19715d6f6,c413cbea-c4f7-489a-9037-1231d0250fb4,a2b22d60-6069-4170-9c9c-12fa97565fa6
8,@hookform/resolvers,5.4.0,Direct Dependency,MIT License,PERMISSIVE,NOT_REVIEWED,ff67a96a-5360-4c51-a7e3-7b3896be744a,a036a861-8906-4f8b-bf46-c1805d8ca0c0,ad705c59-6893-4980-bdbf-0837f1823cc4
9,@jridgewell/gen-mapping,0.3.13,Transitive Dependency,MIT License,PERMISSIVE,NOT_REVIEWED,1a46cf3c-7ef0-4c38-9928-8da310c9ff79,f9fd47b2-cd0c-4fdf-bf20-ac112822f6aa,ad705c59-6893-4980-bdbf-0837f1823cc4
10,@jridgewell/resolve-uri,3.1.2,Transitive Dependency,MIT License,PERMISSIVE,NOT_REVIEWED,4de516ae-93ed-46a2-8478-b35df7173d2c,4363da32-77a5-4081-a780-8aa9ccf2e143,ad705c59-6893-4980-bdbf-0837f1823cc4
11,@jridgewell/sourcemap-codec,1.5.5,Transitive Dependency,MIT License,PERMISSIVE,NOT_REVIEWED,330b5ef2-eca7-4fed-8154-4720096c50d2,02889fc0-eddf-4242-8584-0c658dfd8711,ad705c59-6893-4980-bdbf-0837f1823cc4
12,@jridgewell/trace-mapping,0.3.31,Transitive Dependency,MIT License,PERMISSIVE,NOT_REVIEWED,373fc04f-13af-40bf-9180-c93291506352,4e7ea4de-16ac-4fb4-a4a0-dd06256d0786,ad705c59-6893-4980-bdbf-0837f1823cc4
13,@kurkle/color,0.3.4,Transitive Dependency,MIT License,PERMISSIVE,NOT_REVIEWED,b8c9219e-44f9-4bf1-800c-2f847f700432,0186fac7-69bf-4bf3-babe-93599aca8006,ad705c59-6893-4980-bdbf-0837f1823cc4
14,@monaco-editor/loader,1.7.0,Transitive Dependency,MIT License,PERMISSIVE,NOT_REVIEWED,8e242a50-66c7-472c-9130-675e49d21d88,8b958e5b-f508-4e58-9128-0cbdf0f5e7d1,ad705c59-6893-4980-bdbf-0837f1823cc4
15,@monaco-editor/react,4.6.0,Transitive Dependency,MIT License,PERMISSIVE,NOT_REVIEWED,24f4336a-8774-40ff-bde4-ab57f3358a5a,9cdee12f-4a79-4796-b619-6a2861ed2d08,ad705c59-6893-4980-bdbf-0837f1823cc4
16,@nodelib/fs.scandir,2.1.5,Transitive Dependency,MIT License,PERMISSIVE,NOT_REVIEWED,1b04c24d-6aa7-48bc-876c-902f749b7fbb,6e13cf00-0e6c-4150-aaf3-a57f4d07ec72,ad705c59-6893-4980-bdbf-0837f1823cc4
17,@nodelib/fs.stat,2.0.5,Transitive Dependency,MIT License,PERMISSIVE,NOT_REVIEWED,f1ca4664-63a5-4181-b749-32c7168416b0,30d6dac3-95e4-47fb-93af-26f499c06b6f,ad705c59-6893-4980-bdbf-0837f1823cc4
18,@nodelib/fs.walk,1.2.8,Transitive Dependency,MIT License,PERMISSIVE,NOT_REVIEWED,40fcad1c-d679-43e4-b8fc-102d24e38f1c,4c7b0bdc-c622-481c-abb2-d67373418285,ad705c59-6893-4980-bdbf-0837f1823cc4
19,@standard-schema/utils,0.3.0,Transitive Dependency,MIT License,PERMISSIVE,NOT_REVIEWED,0cc0349e-7790-4a95-8e03-ae3987dedc62,15f27e04-ba3a-4b90-b531-3c30cca8fdf8,ad705c59-6893-4980-bdbf-0837f1823cc4
20,@tailwindcss/forms,0.5.11,Transitive Dependency,MIT License,PERMISSIVE,NOT_REVIEWED,75900ea9-27dd-4705-acc5-56f822840b1e,43dcc1a2-b848-460e-8617-39fec61c473e,ad705c59-6893-4980-bdbf-0837f1823cc4
21,@tanstack/query-core,4.36.1,Transitive Dependency,MIT License,PERMISSIVE,NOT_REVIEWED,fe9919a4-d852-4aa5-9dfc-bd20f0bd9d74,22fbb3b4-e254-48ac-8a2f-a435fc259113,ad705c59-6893-4980-bdbf-0837f1823cc4
22,@tanstack/react-query,4.36.1,Direct Dependency,MIT License,PERMISSIVE,NOT_REVIEWED,fe3d3576-69e7-43cb-a7fa-7de2b5cfb80c,671646c5-4a1e-4001-b3f1-042a0b773e1e,ad705c59-6893-4980-bdbf-0837f1823cc4
23,@tanstack/react-virtual,3.10.9,Direct Dependency,MIT License,PERMISSIVE,NOT_REVIEWED,296fd302-fad4-4bcd-a5a5-85516cf891d6,a78f2fbe-c469-46ab-8af3-2f1802b39bb7,ad705c59-6893-4980-bdbf-0837f1823cc4
24,@tanstack/svelte-table,8.21.3,Transitive Dependency,MIT License,PERMISSIVE,NOT_REVIEWED,c0bba8a3-91dd-45f2-8647-82adc6b1b87c,5c581baa-74d4-4c22-9e90-c9ba598bb679,ad705c59-6893-4980-bdbf-0837f1823cc4
25,@tanstack/table-core,8.21.3,Transitive Dependency,MIT License,PERMISSIVE,NOT_REVIEWED,c33705a4-c7d3-46a9-b5de-d3c250389121,cf870cba-4312-41c9-8e37-7201817cf35d,ad705c59-6893-4980-bdbf-0837f1823cc4
26,@tanstack/virtual-core,3.10.9,Transitive Dependency,MIT License,PERMISSIVE,NOT_REVIEWED,0d53b71c-99bc-48a8-a09f-10a7fc10a975,35c7370a-ce87-4134-8982-162b78e6e06f,ad705c59-6893-4980-bdbf-0837f1823cc4
27,@types/debug,4.1.13,Transitive Dependency,MIT License,PERMISSIVE,NOT_REVIEWED,903f3b2b-4be7-4547-aef9-3543761fc949,998cd7b1-8677-456b-ba7f-b0f6a969d26f,ad705c59-6893-4980-bdbf-0837f1823cc4
28,@types/hammerjs,2.0.46,Transitive Dependency,MIT License,PERMISSIVE,NOT_REVIEWED,0ae9cec6-5a55-44f0-b902-3808ff335087,1b3fe272-0213-4906-974d-fd89743de7f4,ad705c59-6893-4980-bdbf-0837f1823cc4
29,@types/hast,3.0.5,Transitive Dependency,MIT License,PERMISSIVE,NOT_REVIEWED,ce7ae4ae-0d35-418c-9930-461fc9043a94,846faaf3-6953-4f5f-a59e-8e9c9d8ed218,ad705c59-6893-4980-bdbf-0837f1823cc4
30,@types/mdast,4.0.4,Transitive Dependency,MIT License,PERMISSIVE,NOT_REVIEWED,cf284c96-a4b1-429f-9f52-9ae6e6945350,e714a7b1-9458-4ac8-8f8c-369e073e7684,ad705c59-6893-4980-bdbf-0837f1823cc4
31,@types/ms,2.1.0,Transitive Dependency,MIT License,PERMISSIVE,NOT_REVIEWED,f512fc9d-f480-4914-bc03-840ee5a0f91a,6507390b-5e84-4b37-89b7-23e3775ad93e,ad705c59-6893-4980-bdbf-0837f1823cc4
32,@types/unist,3.0.3,Transitive Dependency,MIT License,PERMISSIVE,NOT_REVIEWED,8bc4890e-aa1e-479e-9bd7-12d8e8ce1f9e,4c242f03-9c52-40f3-9f96-bd92c3f71e90,ad705c59-6893-4980-bdbf-0837f1823cc4
33,@ungap/structured-clone,1.3.3,Transitive Dependency,ISC License,PERMISSIVE,NOT_REVIEWED,29208887-d397-4e50-99af-d33aeb1070ba,d20e8b4b-4ba9-4a70-8d80-e6204ef76b5f,14b0b50b-acd2-4fc8-ac65-3b15f9e58260
34,ARG,5.0.2,Transitive Dependency,MIT License,PERMISSIVE,NOT_REVIEWED,4b913b75-8ea8-4d81-bdf9-a93939829839,19d228ef-98bd-4977-803b-8441ebc15b5f,ad705c59-6893-4980-bdbf-0837f1823cc4
35,Chart.js,4.5.1,Direct Dependency,MIT License,PERMISSIVE,NOT_REVIEWED,e19806bb-238d-4d44-897c-a403e11a44b9,bcb1e781-73af-4e85-af6c-600b64f4b690,ad705c59-6893-4980-bdbf-0837f1823cc4
36,Commander.js,4.1.1,Transitive Dependency,MIT License,PERMISSIVE,NOT_REVIEWED,724e6d4a-85c0-47c3-9f28-9b5fc54b369d,92aaf04b-821d-468d-8685-16a2a0515730,ad705c59-6893-4980-bdbf-0837f1823cc4
37,DOMPurify,3.4.12,Direct Dependency,(Apache License 2.0 OR Mozilla Public License 2.0),"PERMISSIVE,WEAK_RECIPROCAL",NOT_REVIEWED,d64dcba0-a1ef-4fd9-99f0-a95fdb5341e1,65d8d732-0f48-49df-a32d-365b82bf93ad,"7cae335f-1193-421e-92f1-8802b4243e93,ce3dd63e-c569-4cea-986a-46bc5efe9896"
38,Go Testify,v1.11.1,Direct Dependency,MIT License,PERMISSIVE,NOT_REVIEWED,5271cd46-d193-4af5-b2c2-50a07751f580,c42f85e0-6129-469d-9469-b152982010c2,ad705c59-6893-4980-bdbf-0837f1823cc4
39,Golang Protobuf,1.36.11,Transitive Dependency,"BSD 3-clause ""New"" or ""Revised"" License",PERMISSIVE,NOT_REVIEWED,faa9ce60-ee56-4f4a-b55c-b33fae6c61f4,8ccd5bb8-b877-4ece-9728-f88d0eb294d5,3d238144-44e6-450e-b523-3defbdaed9dc
40,Googleuuid,v1.6.0,Direct Dependency,"BSD 3-clause ""New"" or ""Revised"" License",PERMISSIVE,NOT_REVIEWED,54fe5fe0-f88f-4c83-988d-59e9fc584133,1a0a8d11-0a35-4597-bf9b-a72841b742b2,3d238144-44e6-450e-b523-3defbdaed9dc
41,PostCSS,8.5.23,Transitive Dependency,MIT License,PERMISSIVE,NOT_REVIEWED,a5c76533-d7ac-4aab-adce-5d1c06368b8b,95110103-caf0-4b3d-a5c7-e68afe8953e7,ad705c59-6893-4980-bdbf-0837f1823cc4
42,React from Facebook,18.2.0,Direct Dependency,MIT License,PERMISSIVE,NOT_REVIEWED,782107f6-0590-4109-8e41-54736c1699cb,95cb18dc-8ed0-43f0-8eee-b5f4c8ec3c5c,ad705c59-6893-4980-bdbf-0837f1823cc4
43,agent-base,6.0.2,Transitive Dependency,MIT License,PERMISSIVE,NOT_REVIEWED,f73ff1a7-f8d2-425e-a434-330f6547aa39,d494f1f7-3725-43d7-aa0c-28c094426030,ad705c59-6893-4980-bdbf-0837f1823cc4
44,any-promise,1.3.0,Transitive Dependency,MIT License,PERMISSIVE,NOT_REVIEWED,ead7ab4f-9243-4d84-9fb8-ec7ea4b0c524,ec875e79-eaa6-4363-9f0c-7e857c61f997,ad705c59-6893-4980-bdbf-0837f1823cc4
45,anymatch,3.1.3,Transitive Dependency,ISC License,PERMISSIVE,NOT_REVIEWED,e9fb3104-bffe-4718-9fe4-2f49ba7075b4,86063d7a-02ce-47bf-b290-1b5400d99413,14b0b50b-acd2-4fc8-ac65-3b15f9e58260
46,asynckit,0.4.0,Transitive Dependency,MIT License,PERMISSIVE,NOT_REVIEWED,43342b9f-3356-4797-9722-ee80bf3cd217,72a38dfa-4b4b-4b49-a621-5da57d3a0831,ad705c59-6893-4980-bdbf-0837f1823cc4
47,axios,1.18.1,Direct Dependency,MIT License,PERMISSIVE,NOT_REVIEWED,0ddca5c6-f5a1-4417-86b1-14c3b79aca8a,1c6a4d16-07b7-4806-b17f-a1cdd1932004,ad705c59-6893-4980-bdbf-0837f1823cc4
48,bail,2.0.2,Transitive Dependency,MIT License,PERMISSIVE,NOT_REVIEWED,7e1f7a3f-a1ae-4ff1-8f97-b5973919a0da,1cad1f57-82b5-4c60-ae59-bfec0f39e0ed,ad705c59-6893-4980-bdbf-0837f1823cc4
49,beorn7-perks,v1.0.1,Transitive Dependency,MIT License,PERMISSIVE,NOT_REVIEWED,a160fd2a-ab2a-4d35-8243-5bed42557272,9a891f96-ef74-4ef0-ae30-a33f42945b10,ad705c59-6893-4980-bdbf-0837f1823cc4
50,binary-extensions,2.3.0,Transitive Dependency,MIT License,PERMISSIVE,NOT_REVIEWED,3fa2abd2-94f5-45c1-9af9-b50a539711bd,962ea80b-46fd-406a-9dd4-47ef72303729,ad705c59-6893-4980-bdbf-0837f1823cc4
51,browserify/resolve,1.22.12,Transitive Dependency,MIT License,PERMISSIVE,NOT_REVIEWED,8602b937-e64a-4676-8c00-f66111ec2301,c4b1df06-269d-491d-8c8f-dc8f0df98c86,ad705c59-6893-4980-bdbf-0837f1823cc4
52,call-bind-apply-helpers,1.0.2,Transitive Dependency,MIT License,PERMISSIVE,NOT_REVIEWED,ef68e7d2-fd28-436a-954e-929fc1b30fa6,162b38a0-ed7e-4f6d-8d52-14db535c0c67,ad705c59-6893-4980-bdbf-0837f1823cc4
53,camelcase-css,2.0.1,Transitive Dependency,MIT License,PERMISSIVE,NOT_REVIEWED,d03494bc-c8f0-42db-bc64-4a4148be011d,6e2774d2-9c83-4e0d-b02b-ca7cb7d310bf,ad705c59-6893-4980-bdbf-0837f1823cc4
54,cespare/xxhash,v2.3.0,Transitive Dependency,MIT License,PERMISSIVE,NOT_REVIEWED,49651356-8651-4b8e-9eba-a245f6d236a9,6f908056-e919-4f42-a240-ec807e6e9a67,ad705c59-6893-4980-bdbf-0837f1823cc4
55,character-entities,2.0.2,Transitive Dependency,MIT License,PERMISSIVE,NOT_REVIEWED,2dcfe869-0416-4165-9d25-0898e33588d0,70bd0255-8a5b-4ee4-a33c-1f2e38a474e8,ad705c59-6893-4980-bdbf-0837f1823cc4
56,character-entities-html4,2.1.0,Transitive Dependency,MIT License,PERMISSIVE,NOT_REVIEWED,46d328f9-e2a8-4b4d-bfcc-13a6f8cb9fb9,f7bca2ea-de36-473d-95c0-602cc6284d30,ad705c59-6893-4980-bdbf-0837f1823cc4
57,character-entities-legacy,3.0.0,Transitive Dependency,MIT License,PERMISSIVE,NOT_REVIEWED,07427e9f-4ea5-455b-953f-d482910bb9ae,4adc1e84-2f2e-4801-9dff-8efac223d4cf,ad705c59-6893-4980-bdbf-0837f1823cc4
58,chartjs-plugin-zoom,2.2.0,Transitive Dependency,MIT License,PERMISSIVE,NOT_REVIEWED,6363950e-3d84-4297-81c3-0f4b61a37b09,55b4e493-779a-4819-b92c-73cd17efe65d,ad705c59-6893-4980-bdbf-0837f1823cc4
59,chokidar,3.6.0,Transitive Dependency,MIT License,PERMISSIVE,NOT_REVIEWED,5a5a96cc-0e99-4d66-8169-8d7974f40b35,145262b5-803b-46b2-99f6-0c8c7a0e1a39,ad705c59-6893-4980-bdbf-0837f1823cc4
60,client_golang,v1.24.1,Direct Dependency,Apache License 2.0,PERMISSIVE,NOT_REVIEWED,163bec4e-b7f6-4c8a-828d-5ba673aaa72a,15b58c46-2697-4119-953e-2483854f1645,7cae335f-1193-421e-92f1-8802b4243e93
61,clsx,2.1.1,Direct Dependency,MIT License,PERMISSIVE,NOT_REVIEWED,9d997fe6-f04f-4853-b6bc-e66a01a8322b,ec5ad87c-bd7d-4aa9-8a2b-6ff70b34df2b,ad705c59-6893-4980-bdbf-0837f1823cc4
62,codeberg.org/go-pdf/fpdf,v0.12.0,Direct Dependency,MIT License,PERMISSIVE,NOT_REVIEWED,b194bcf4-3dac-443b-85fe-5d4e8a83f583,4bf93004-ac02-46ce-a450-c72476fb74f7,ad705c59-6893-4980-bdbf-0837f1823cc4
63,codespell,2.4.3,Direct Dependency,GNU General Public License v2.0 only,RECIPROCAL,NOT_REVIEWED,79930e35-cd9d-4242-946b-d8584080970a,4641e862-f364-4725-8b1c-8ce12db4159c,0289ba34-8fe7-41db-82e0-49c28b9c2414
64,combined-stream,1.0.8,Transitive Dependency,MIT License,PERMISSIVE,NOT_REVIEWED,433e80c2-6c56-457c-80e3-2f3fa573ec8a,77685b17-bdfd-48ad-bd72-318e01ea1f66,ad705c59-6893-4980-bdbf-0837f1823cc4
65,comma-separated-tokens,2.0.3,Transitive Dependency,MIT License,PERMISSIVE,NOT_REVIEWED,a67ec25a-60b8-4528-bdf4-c4dfa3b6e8a7,7c3ca0ac-de5d-487c-8daf-ba16dea5aab4,ad705c59-6893-4980-bdbf-0837f1823cc4
66,cookie,1.1.1,Transitive Dependency,MIT License,PERMISSIVE,NOT_REVIEWED,f1bfe3a5-aa79-429b-95a1-22081576912d,fb82c2c5-b736-4cf4-9ec3-3697b6bc8036,ad705c59-6893-4980-bdbf-0837f1823cc4
67,couchbase/goprotostellar,20260407-snapshot-d7af2515,Transitive Dependency,Apache License 2.0,PERMISSIVE,NOT_REVIEWED,24e0c1ff-0ab0-4a61-824f-4e1e14328d7d,6fbaf230-5cc2-4fef-9539-ee52f4a205fe,7cae335f-1193-421e-92f1-8802b4243e93
68,couchbase/tools-common,auth/v2.1.0,Direct Dependency,Unknown License,UNKNOWN,NOT_REVIEWED,431f0b3c-070d-40f0-8f1d-604d56cdb6f9,fcbe3e7e-01fd-41dd-9658-a45104eddb16,00000000-0010-0000-0000-000000000000
69,couchbase/tools-common,couchbase/v3.9.0,Direct Dependency,Unknown License,UNKNOWN,NOT_REVIEWED,431f0b3c-070d-40f0-8f1d-604d56cdb6f9,de65ebcc-5cad-4d99-9a81-a6f02ff3bcf9,00000000-0010-0000-0000-000000000000
70,couchbase/tools-common,environment/v1.1.3,Transitive Dependency,Unknown License,UNKNOWN,NOT_REVIEWED,431f0b3c-070d-40f0-8f1d-604d56cdb6f9,4f525b8e-9db8-4150-b3b4-11cf45209753,00000000-0010-0000-0000-000000000000
71,couchbase/tools-common,errors/v1.1.0,Transitive Dependency,Unknown License,UNKNOWN,NOT_REVIEWED,431f0b3c-070d-40f0-8f1d-604d56cdb6f9,768e2eb2-c8d7-4140-8d6d-d96eb7007c34,00000000-0010-0000-0000-000000000000
72,couchbase/tools-common,fs/v1.0.3,Direct Dependency,Unknown License,UNKNOWN,NOT_REVIEWED,431f0b3c-070d-40f0-8f1d-604d56cdb6f9,80cd9dab-5d0b-4d4b-95d7-64f86facc684,00000000-0010-0000-0000-000000000000
73,couchbase/tools-common,http/v1.1.0,Transitive Dependency,Unknown License,UNKNOWN,NOT_REVIEWED,431f0b3c-070d-40f0-8f1d-604d56cdb6f9,820b7045-e403-4b91-8863-a02ecb48e827,00000000-0010-0000-0000-000000000000
74,couchbase/tools-common,strings/v1.0.0,Transitive Dependency,Unknown License,UNKNOWN,NOT_REVIEWED,431f0b3c-070d-40f0-8f1d-604d56cdb6f9,a00288fe-6236-4cd5-b642-4c146caed6e8,00000000-0010-0000-0000-000000000000
75,couchbase/tools-common,testing/v1.0.3,Transitive Dependency,Unknown License,UNKNOWN,NOT_REVIEWED,431f0b3c-070d-40f0-8f1d-604d56cdb6f9,c2271c3d-920b-4cb8-b5a7-2d9e0ebe079f,00000000-0010-0000-0000-000000000000
76,couchbase/tools-common,types/v2.2.2,Direct Dependency,Unknown License,UNKNOWN,NOT_REVIEWED,431f0b3c-070d-40f0-8f1d-604d56cdb6f9,782e210d-6ac0-4fed-a8d5-512224fadf96,00000000-0010-0000-0000-000000000000
77,couchbase/tools-common,utils/v3.1.1,Direct Dependency,Unknown License,UNKNOWN,NOT_REVIEWED,431f0b3c-070d-40f0-8f1d-604d56cdb6f9,a20c9995-84f6-4951-a5df-ea170ec99c2f,00000000-0010-0000-0000-000000000000
78,couchbaselabs/gocbconnstr,v2.0.0,Transitive Dependency,Apache License 2.0,PERMISSIVE,NOT_REVIEWED,57f974ce-4fd9-4050-a636-6595d3e98c1b,df15b989-4d45-4574-b932-f64c175450ad,7cae335f-1193-421e-92f1-8802b4243e93
79,cssesc,3.0.0,Transitive Dependency,MIT License,PERMISSIVE,NOT_REVIEWED,0715356d-0a48-47ef-90f5-92056cd7f70f,6820c487-f365-4547-8553-4c13b67de6ed,ad705c59-6893-4980-bdbf-0837f1823cc4
80,danielgtaylor/huma,v2.39.1,Direct Dependency,MIT License,PERMISSIVE,NOT_REVIEWED,bdf16a43-f6b4-464b-9fdf-972021125e84,3b4f9a6b-35f2-435e-a15f-3ecf56e2caf1,ad705c59-6893-4980-bdbf-0837f1823cc4
81,date-fns/date-fns,2.30.0,Transitive Dependency,MIT License,PERMISSIVE,NOT_REVIEWED,51e40b8a-b738-494d-9b57-2f1460da1c82,71f00ad8-156c-4c3e-83ee-f25795c2d36c,ad705c59-6893-4980-bdbf-0837f1823cc4
82,date-fns/date-fns,4.4.0,Direct Dependency,MIT License,PERMISSIVE,NOT_REVIEWED,51e40b8a-b738-494d-9b57-2f1460da1c82,14fb4765-2306-405e-a7c4-c69760d6ddcd,ad705c59-6893-4980-bdbf-0837f1823cc4
83,dayjs,1.11.19,Transitive Dependency,MIT License,PERMISSIVE,NOT_REVIEWED,665845fb-10dc-453b-918c-ec228ceddefc,592886a1-82c9-4a43-be54-67a16da71422,ad705c59-6893-4980-bdbf-0837f1823cc4
84,debug-js/debug,4.4.3,Transitive Dependency,MIT License,PERMISSIVE,NOT_REVIEWED,311cd3ac-8ee5-4020-af4d-ac4aa070b4fa,2f7ee0ac-9ba1-4a9c-899d-0a9143511b6c,ad705c59-6893-4980-bdbf-0837f1823cc4
85,decode-named-character-reference,1.3.0,Transitive Dependency,MIT License,PERMISSIVE,NOT_REVIEWED,f677e39b-9668-43e5-bf60-832c9151e4f2,0694bc33-6b24-4f4e-b324-791e618d3a74,ad705c59-6893-4980-bdbf-0837f1823cc4
86,delayed-stream,1.0.0,Transitive Dependency,MIT License,PERMISSIVE,NOT_REVIEWED,845f033b-a90e-4e1a-b184-77208ddfd6a3,9f8eff9b-d7b5-476d-bf3d-5c01ec9be048,ad705c59-6893-4980-bdbf-0837f1823cc4
87,dequal,2.0.3,Transitive Dependency,MIT License,PERMISSIVE,NOT_REVIEWED,d139d837-e2a4-4ab0-9a74-3e1ddeecfc23,acc9dc06-8c98-4681-814b-111fe2d11258,ad705c59-6893-4980-bdbf-0837f1823cc4
88,devlop,1.1.0,Transitive Dependency,MIT License,PERMISSIVE,NOT_REVIEWED,458f0ba0-a496-4fe8-8f23-ec4ec9ba855c,83946f0c-067e-4f2f-8446-8ff4a67f2296,ad705c59-6893-4980-bdbf-0837f1823cc4
89,didyoumean.js,1.2.2,Transitive Dependency,Apache License 2.0,PERMISSIVE,NOT_REVIEWED,5cc50113-e9d0-403f-9d22-6938dfe3359d,32538fd4-e20a-44ae-80c2-a45bd6ad2ec0,7cae335f-1193-421e-92f1-8802b4243e93
90,dlv,1.1.3,Transitive Dependency,MIT License,PERMISSIVE,NOT_REVIEWED,5e2af45f-2d43-4c39-b179-8a9906809a48,2c4d1baa-8a26-4139-ac32-ae2f198087d2,ad705c59-6893-4980-bdbf-0837f1823cc4
91,dunder-proto,1.0.1,Transitive Dependency,MIT License,PERMISSIVE,NOT_REVIEWED,dfa30691-8426-489a-9aca-f72802e2a9a1,74e556f1-a681-4f0c-9703-a1bbe138dd70,ad705c59-6893-4980-bdbf-0837f1823cc4
92,es-define-property,1.0.1,Transitive Dependency,MIT License,PERMISSIVE,NOT_REVIEWED,4f0962d6-710d-4538-bd68-bd7a7dd2bbf1,a14671f3-fedc-4154-998b-ef07c31046d7,ad705c59-6893-4980-bdbf-0837f1823cc4
93,es-errors,1.3.0,Transitive Dependency,MIT License,PERMISSIVE,NOT_REVIEWED,62b20bc1-d6fd-4a1b-9ac2-9b8f76c143f7,b7aed5ed-7816-4d0c-b4c1-cc7effe04276,ad705c59-6893-4980-bdbf-0837f1823cc4
94,es-object-atoms,1.1.2,Transitive Dependency,MIT License,PERMISSIVE,NOT_REVIEWED,e8adaa62-c839-4fd0-b54b-86a72c36b7d9,1f7d30bc-4688-4004-b613-0f272ede17ab,ad705c59-6893-4980-bdbf-0837f1823cc4
95,es-set-tostringtag,2.1.0,Transitive Dependency,MIT License,PERMISSIVE,NOT_REVIEWED,43ab3d51-990e-4fb7-88f8-d602384f073e,0ae68724-1e2e-432a-a122-4c3082fcdccd,ad705c59-6893-4980-bdbf-0837f1823cc4
96,escape-string-regexp,5.0.0,Transitive Dependency,MIT License,PERMISSIVE,NOT_REVIEWED,806418ca-31d7-4c4a-b894-e3b3b9b562bc,c54e5001-5fc9-4b61-b69e-b72f88ec6d38,ad705c59-6893-4980-bdbf-0837f1823cc4
97,exp,20260718-snapshot-b88d891f,Transitive Dependency,"BSD 3-clause ""New"" or ""Revised"" License",PERMISSIVE,NOT_REVIEWED,bbed20cb-7b3f-4c01-aff8-790411536863,690ad403-1470-4d1a-acd8-e85463c3a9c2,3d238144-44e6-450e-b523-3defbdaed9dc
98,extend,3.0.2,Transitive Dependency,MIT License,PERMISSIVE,NOT_REVIEWED,fe2172ff-2478-4649-b35e-185de54a60d0,91551503-bd5c-43c9-8c8e-b98fc9b9c72f,ad705c59-6893-4980-bdbf-0837f1823cc4
99,fast-equals,6.0.2,Transitive Dependency,MIT License,PERMISSIVE,NOT_REVIEWED,b5b902e8-334a-4e79-a1cd-1417db478ac2,0e5a2a40-9b11-4bf8-bbb1-7cdb16a7ddb5,ad705c59-6893-4980-bdbf-0837f1823cc4
100,fast-glob,3.3.3,Transitive Dependency,MIT License,PERMISSIVE,NOT_REVIEWED,5d403366-76e1-44d5-80e9-38dc8d012543,11fc6af6-d597-4815-b5b9-4cf32dd2d1d3,ad705c59-6893-4980-bdbf-0837f1823cc4
101,fastq,1.20.1,Transitive Dependency,ISC License,PERMISSIVE,NOT_REVIEWED,8affde31-e428-4532-8016-7d4ec92b15ea,93cec296-edbd-4a94-9b62-7b9a177a686c,14b0b50b-acd2-4fc8-ac65-3b15f9e58260
102,fdir,6.5.0,Transitive Dependency,MIT License,PERMISSIVE,NOT_REVIEWED,a27b345f-d117-411f-bbc9-762d903e7b44,0e4da3c4-99f7-4e67-a1dd-eff82716e456,ad705c59-6893-4980-bdbf-0837f1823cc4
103,fill-range,7.1.1,Transitive Dependency,MIT License,PERMISSIVE,NOT_REVIEWED,5a4dc4ef-962f-40e7-9ec2-34f999771171,8454965c-0c29-414a-8273-30c3826253f9,ad705c59-6893-4980-bdbf-0837f1823cc4
104,follow-redirects,1.16.0,Transitive Dependency,MIT License,PERMISSIVE,NOT_REVIEWED,722fe904-47d2-408c-9e3c-077ec790c7d8,814b9ae5-bbb8-4871-ab4b-c274953e30c1,ad705c59-6893-4980-bdbf-0837f1823cc4
105,form-data,4.0.6,Transitive Dependency,MIT License,PERMISSIVE,NOT_REVIEWED,275be75e-0c11-423d-b6e0-b3c60e3bf767,15a6c030-fb0c-49e4-8a5f-a7e9e522287b,ad705c59-6893-4980-bdbf-0837f1823cc4
106,fsevents,2.3.3,Transitive Dependency,MIT License,PERMISSIVE,NOT_REVIEWED,3c3c7c97-31fd-448d-8006-52e1e31a9bc8,7863a7f8-4e04-4ad8-b48d-8ad007f3efc3,ad705c59-6893-4980-bdbf-0837f1823cc4
107,function-bind,1.1.2,Transitive Dependency,MIT License,PERMISSIVE,NOT_REVIEWED,14d73ddd-01dc-4a56-89cb-9bd8629119bb,d87bab2e-a870-4acf-a460-8b9a2d95066f,ad705c59-6893-4980-bdbf-0837f1823cc4
108,get-intrinsic,1.3.0,Transitive Dependency,MIT License,PERMISSIVE,NOT_REVIEWED,0f77975f-a3bd-4de4-a0c0-99d740551eb9,dffcd737-57a1-44ca-8b91-48eed770da1e,ad705c59-6893-4980-bdbf-0837f1823cc4
109,get-proto,1.0.1,Transitive Dependency,MIT License,PERMISSIVE,NOT_REVIEWED,1fd6d9cb-b42f-4c38-8ba4-a7f04f90845a,55dd25ee-269c-45c7-8730-2c05614a3c08,ad705c59-6893-4980-bdbf-0837f1823cc4
110,github.com/couchbase/gocbcoreps,20260107-snapshot-1c3a03f8,Transitive Dependency,Apache License 2.0,PERMISSIVE,NOT_REVIEWED,854d2653-8297-42ea-b64e-b16156e8c4ce,a81822b4-3fe1-4293-9f8b-3b538641baa0,7cae335f-1193-421e-92f1-8802b4243e93
111,github.com/munnerz/goautoneg,20191010-snapshot-a7dc8b61,Transitive Dependency,"BSD 3-clause ""New"" or ""Revised"" License",PERMISSIVE,NOT_REVIEWED,c2aa130b-0092-4037-addc-fd1fe1ad68ea,919c470c-9f6a-4eca-a5a5-520eb702ef5d,3d238144-44e6-450e-b523-3defbdaed9dc
112,glob-parent,5.1.2,Transitive Dependency,ISC License,PERMISSIVE,NOT_REVIEWED,f10c3953-445e-4dce-a5e1-8f5b1934fb6d,0f76bad1-affe-4037-8ff3-e4d68e08abae,14b0b50b-acd2-4fc8-ac65-3b15f9e58260
113,glob-parent,6.0.2,Transitive Dependency,ISC License,PERMISSIVE,NOT_REVIEWED,f10c3953-445e-4dce-a5e1-8f5b1934fb6d,57e96e6a-177d-464d-b52b-7cdf5a8bde61,14b0b50b-acd2-4fc8-ac65-3b15f9e58260
114,go-chi,v5.3.1,Direct Dependency,MIT License,PERMISSIVE,NOT_REVIEWED,9f45b197-d656-4e6a-9770-dd26c5d4d4a1,34b7faf3-a511-41a6-9459-c850570532f9,ad705c59-6893-4980-bdbf-0837f1823cc4
115,go-logr/logr,v1.4.4,Transitive Dependency,Apache License 2.0,PERMISSIVE,NOT_REVIEWED,4e2d3ed6-968b-4f3e-b6f0-2d8ce12c1cef,a854195b-abca-4f4a-a722-5ccec251f57c,7cae335f-1193-421e-92f1-8802b4243e93
116,go-logr/stdr,v1.2.2,Transitive Dependency,Apache License 2.0,PERMISSIVE,NOT_REVIEWED,6fc73b30-33a9-4bed-a350-c5ad1fab9fcd,a77050ff-3955-424d-a285-90c6a0989899,7cae335f-1193-421e-92f1-8802b4243e93
117,go-spew,v1.1.1,Transitive Dependency,ISC License,PERMISSIVE,NOT_REVIEWED,02a60272-a845-4ff3-abee-9e6034969db2,d9b00cb4-7486-4427-9912-2a1045eef9ac,14b0b50b-acd2-4fc8-ac65-3b15f9e58260
118,go-zap,exp/v0.3.0,Direct Dependency,MIT License,PERMISSIVE,NOT_REVIEWED,2cae3977-12c3-4a7c-aea8-0e4290e514d1,fc3175ea-0596-4485-bad3-0c6a5ebe553d,ad705c59-6893-4980-bdbf-0837f1823cc4
119,go-zap,v1.28.0,Direct Dependency,MIT License,PERMISSIVE,NOT_REVIEWED,2cae3977-12c3-4a7c-aea8-0e4290e514d1,4f8cbfb8-57a6-4fcf-8356-33cb829009ad,ad705c59-6893-4980-bdbf-0837f1823cc4
120,go.uber.org/multierr,v1.11.0,Transitive Dependency,MIT License,PERMISSIVE,NOT_REVIEWED,2aea5277-bf2d-4cd6-b47c-dc19ae3ebf1d,9f39e91b-7b6b-4f33-b633-7c5e94d8fefb,ad705c59-6893-4980-bdbf-0837f1823cc4
121,gocb,v2.12.4,Direct Dependency,Apache License 2.0,PERMISSIVE,NOT_REVIEWED,681d6892-f7b8-4463-ad2f-f46c4c173643,80c2d9fb-8d1f-45ff-8807-bc88e17697d5,7cae335f-1193-421e-92f1-8802b4243e93
122,godebug,v1.1.0,Transitive Dependency,Apache License 2.0,PERMISSIVE,NOT_REVIEWED,ce5cf31e-a962-46f6-a762-f24c5ebe130c,2f24b50d-8fc7-488f-8972-9c6db9d4bac6,7cae335f-1193-421e-92f1-8802b4243e93
123,golang-github-spf13-pflag-dev,v1.0.10,Direct Dependency,"BSD 3-clause ""New"" or ""Revised"" License",PERMISSIVE,NOT_REVIEWED,7da255a2-0cbb-4423-bf64-69d93fde4326,32bb21f9-73a2-4123-a643-ae68e23f3569,3d238144-44e6-450e-b523-3defbdaed9dc
124,golang-snappy-go-dev,v1.0.0,Transitive Dependency,"BSD 3-clause ""New"" or ""Revised"" License",PERMISSIVE,NOT_REVIEWED,b4466511-21ef-4990-bddb-70fdbe9cddc1,6a42c381-3334-4049-bc56-b50d0811b561,3d238144-44e6-450e-b523-3defbdaed9dc
125,golang.org/x/mod,v0.38.0,Transitive Dependency,"BSD 3-clause ""New"" or ""Revised"" License",PERMISSIVE,NOT_REVIEWED,67e4942e-545c-4ba1-a91d-a56b64c32b70,369b9dd9-1ff9-4144-9703-7052b1b3f30f,3d238144-44e6-450e-b523-3defbdaed9dc
126,golang.org/x/sys,v0.47.0,Transitive Dependency,"BSD 3-clause ""New"" or ""Revised"" License",PERMISSIVE,NOT_REVIEWED,0faf96d2-f25b-44c9-ada2-54a9140e3569,662b3c64-f04b-45f6-8ade-9d6eeca86181,3d238144-44e6-450e-b523-3defbdaed9dc
127,golang.org/x/time,v0.15.0,Direct Dependency,"BSD 3-clause ""New"" or ""Revised"" License",PERMISSIVE,NOT_REVIEWED,c4b7d4ea-b69e-41cd-8158-8f370c2195ad,37f28a23-01d6-4d05-864b-e809171a8321,3d238144-44e6-450e-b523-3defbdaed9dc
128,golang/net,v0.57.0,Direct Dependency,"BSD 3-clause ""New"" or ""Revised"" License",PERMISSIVE,NOT_REVIEWED,f9578cfe-b575-44ea-a33e-2a594aba92b0,7155fcf4-79f9-4b74-aa6e-751d9599b8df,3d238144-44e6-450e-b523-3defbdaed9dc
129,golang/sync,v0.22.0,Direct Dependency,"BSD 3-clause ""New"" or ""Revised"" License",PERMISSIVE,NOT_REVIEWED,ffd9a8bc-14e6-49b6-bf3a-ab778af14f59,68bc86bf-7923-48f5-bf53-bbdff934a359,3d238144-44e6-450e-b523-3defbdaed9dc
130,golang/text,v0.40.0,Transitive Dependency,"BSD 3-clause ""New"" or ""Revised"" License",PERMISSIVE,NOT_REVIEWED,1566e7c5-6837-4b8b-bb4c-f53079002207,848436c7-b829-45d9-b210-3faf0070bbe1,3d238144-44e6-450e-b523-3defbdaed9dc
131,googleapis/go-genproto,20260803-snapshot-6ac0973c,Transitive Dependency,Apache License 2.0,PERMISSIVE,NOT_REVIEWED,b1e6bf42-b243-4385-a118-af40bba11ff3,8fa471d6-a73d-4779-a5c7-30e9431df91f,7cae335f-1193-421e-92f1-8802b4243e93
132,gopd,1.2.0,Transitive Dependency,MIT License,PERMISSIVE,NOT_REVIEWED,36ed7b83-3e00-4c94-ac47-ca9ddbf314fe,084ea16c-7567-44b8-8345-dfaf9fff7994,ad705c59-6893-4980-bdbf-0837f1823cc4
133,gorilla/websocket,v1.5.3,Transitive Dependency,"BSD 2-clause ""Simplified"" License",PERMISSIVE,NOT_REVIEWED,d92d2651-b10f-4ae4-9aa7-4a820d904f58,906c021a-b02d-4bab-8ea8-303551c107c2,cc875133-df38-4806-9921-473e0ef01a87
134,grpc-go,v1.83.0,Transitive Dependency,Apache License 2.0,PERMISSIVE,NOT_REVIEWED,dd4726fa-fe56-484c-95c8-14a2ca3431ad,ac3325bb-6dd4-4765-ae48-d63bd13ada5a,7cae335f-1193-421e-92f1-8802b4243e93
135,hammer.js,2.0.8,Transitive Dependency,MIT License,PERMISSIVE,NOT_REVIEWED,367399ab-c9c6-4dbb-85ca-869812c3b1c6,bb7c5b99-2f40-433a-bdc1-a2c0f981b8f8,ad705c59-6893-4980-bdbf-0837f1823cc4
136,has-symbols,1.1.0,Transitive Dependency,MIT License,PERMISSIVE,NOT_REVIEWED,1e845348-6d04-4aa1-844b-f6615379eb7a,b08b7e41-45e6-4c42-a3cd-41cd0f6be17c,ad705c59-6893-4980-bdbf-0837f1823cc4
137,has-tostringtag,1.0.2,Transitive Dependency,MIT License,PERMISSIVE,NOT_REVIEWED,f791a490-f477-40bd-8c11-d7028f98eaab,583ab172-11af-4f53-a76e-5e06fb890070,ad705c59-6893-4980-bdbf-0837f1823cc4
138,hasown,2.0.4,Transitive Dependency,MIT License,PERMISSIVE,NOT_REVIEWED,79d75e28-d7ce-462f-a7a1-bdcc41bbc80f,3603e252-e2d7-44a6-bbf9-61d6886d750f,ad705c59-6893-4980-bdbf-0837f1823cc4
139,hast-util-to-html,9.0.5,Transitive Dependency,MIT License,PERMISSIVE,NOT_REVIEWED,2c031390-49b8-421f-be17-16d669eb13f7,c6b83d4c-6a0b-497b-8553-0ecf69ce19f8,ad705c59-6893-4980-bdbf-0837f1823cc4
140,hast-util-whitespace,3.0.0,Transitive Dependency,MIT License,PERMISSIVE,NOT_REVIEWED,1148f165-d801-4dff-a05a-f09196b8e154,1e61ebe5-0703-4010-acc9-ab96bd9359bb,ad705c59-6893-4980-bdbf-0837f1823cc4
141,html-void-elements,3.0.0,Transitive Dependency,MIT License,PERMISSIVE,NOT_REVIEWED,ae1e4755-f3ba-4732-8494-70b386e868ba,93b8af79-1573-4007-a81e-8ed5adac99f9,ad705c59-6893-4980-bdbf-0837f1823cc4
142,https-proxy-agent,5.0.1,Transitive Dependency,MIT License,PERMISSIVE,NOT_REVIEWED,4466aa31-36a3-4516-86bb-e4eba19514b7,b9554c09-e1e8-4040-846d-95d4594beb5e,ad705c59-6893-4980-bdbf-0837f1823cc4
143,inconshreveable/mousetrap,v1.1.0,Transitive Dependency,Apache License 2.0,PERMISSIVE,NOT_REVIEWED,c2d6fca6-d137-4430-bbde-31603ee8db15,19e7f8ee-2593-464c-8a5f-c8e232921fec,7cae335f-1193-421e-92f1-8802b4243e93
144,is-binary-path,v2.1.0,Transitive Dependency,MIT License,PERMISSIVE,NOT_REVIEWED,058be7ad-2fff-4248-b92e-8747677a490c,7d121335-c5ac-47c9-9084-a4d13aa48a1d,ad705c59-6893-4980-bdbf-0837f1823cc4
145,is-core-module,2.16.2,Transitive Dependency,MIT License,PERMISSIVE,NOT_REVIEWED,18ac8126-6411-414a-b052-6e3428294cd6,3c9de647-5e15-4a2e-b052-26f51c498d47,ad705c59-6893-4980-bdbf-0837f1823cc4
146,is-extglob,2.1.1,Transitive Dependency,MIT License,PERMISSIVE,NOT_REVIEWED,278a98fa-7281-4d56-9f5c-f5655bafcd94,2c69b1ed-d9d3-4841-9d1a-e4db0911990f,ad705c59-6893-4980-bdbf-0837f1823cc4
147,is-glob,4.0.3,Transitive Dependency,MIT License,PERMISSIVE,NOT_REVIEWED,405afd31-f732-46c4-9c0c-0672a1fb1dcd,6ae2ddeb-8dc0-401b-89ca-e4b491f56481,ad705c59-6893-4980-bdbf-0837f1823cc4
148,is-number,7.0.0,Transitive Dependency,MIT License,PERMISSIVE,NOT_REVIEWED,464f1ad5-5e53-4827-aea5-78b651105f4d,b06dfc37-9482-41f2-bb94-6f22b4b8dc40,ad705c59-6893-4980-bdbf-0837f1823cc4
149,is-plain-obj,4.1.0,Transitive Dependency,MIT License,PERMISSIVE,NOT_REVIEWED,1170fc90-9d8c-41a9-831d-677bcd69cf0a,f0dd9eeb-ae78-4c1a-b35d-4007c2d6c871,ad705c59-6893-4980-bdbf-0837f1823cc4
150,jiti,1.21.7,Transitive Dependency,MIT License,PERMISSIVE,NOT_REVIEWED,4fdec11f-ff04-4a62-a1a4-61985fbb44b9,fac5b84d-57a5-429a-be4f-21e701888607,ad705c59-6893-4980-bdbf-0837f1823cc4
151,js-tokens,4.0.0,Transitive Dependency,MIT License,PERMISSIVE,NOT_REVIEWED,31020f5f-3a29-41fc-94dc-cf401ac34d39,64276130-2408-40e8-85d3-515dc1003dca,ad705c59-6893-4980-bdbf-0837f1823cc4
152,jshttp/mime-types,2.1.35,Transitive Dependency,MIT License,PERMISSIVE,NOT_REVIEWED,6fe95cdd-045a-4c45-9078-94ea405c611c,1478f14d-789f-4955-8d96-272936b2e862,ad705c59-6893-4980-bdbf-0837f1823cc4
153,lilconfig,2.1.0,Transitive Dependency,MIT License,PERMISSIVE,NOT_REVIEWED,9b3dc627-6cdb-4c0e-8ba6-85aba256d95d,60bbc899-1f3c-40bb-aed2-7c1a26852be2,ad705c59-6893-4980-bdbf-0837f1823cc4
154,lilconfig,3.1.3,Transitive Dependency,MIT License,PERMISSIVE,NOT_REVIEWED,9b3dc627-6cdb-4c0e-8ba6-85aba256d95d,8f59c0aa-219b-41c8-80f7-cc1975d5939d,ad705c59-6893-4980-bdbf-0837f1823cc4
155,lines-and-columns,1.2.4,Transitive Dependency,MIT License,PERMISSIVE,NOT_REVIEWED,ee3df0a8-db95-4ba5-8520-4553bf923ac0,2af62e41-e34e-4839-9080-50a04866041b,ad705c59-6893-4980-bdbf-0837f1823cc4
156,longest-streak,3.1.0,Transitive Dependency,MIT License,PERMISSIVE,NOT_REVIEWED,b1290530-c893-4c0c-900c-315250626e65,9464bc62-18db-4696-aedb-a997c58b6233,ad705c59-6893-4980-bdbf-0837f1823cc4
157,loose-envify,1.4.0,Transitive Dependency,MIT License,PERMISSIVE,NOT_REVIEWED,9f016a85-9725-46a6-a8c6-bb6df6423462,4d14a963-d742-44cf-b75d-db830f44db25,ad705c59-6893-4980-bdbf-0837f1823cc4
158,markdown-table,3.0.4,Transitive Dependency,MIT License,PERMISSIVE,NOT_REVIEWED,82507796-30ef-4684-84f4-128b3f5e488c,9c9eaf5c-94c9-41a1-b8a0-cd44481f68cf,ad705c59-6893-4980-bdbf-0837f1823cc4
159,math-intrinsics,1.1.0,Transitive Dependency,MIT License,PERMISSIVE,NOT_REVIEWED,29d092e3-f06e-4173-95e2-8fe3d2e607f4,1431e608-a0a7-4144-af6c-e0cf7b793d6b,ad705c59-6893-4980-bdbf-0837f1823cc4
160,mdast-util-find-and-replace,3.0.2,Transitive Dependency,MIT License,PERMISSIVE,NOT_REVIEWED,4e51ed57-44a4-43fe-94d8-ff8cd061bfc7,f72b425b-b922-4850-a6fd-d746d1906ae1,ad705c59-6893-4980-bdbf-0837f1823cc4
161,mdast-util-from-markdown,2.0.3,Transitive Dependency,MIT License,PERMISSIVE,NOT_REVIEWED,714f444e-2565-44c2-b0d8-d8580f25981c,bdb3033c-f2b4-4a91-a4e3-d9e50b2f5266,ad705c59-6893-4980-bdbf-0837f1823cc4
162,mdast-util-gfm,3.1.0,Transitive Dependency,MIT License,PERMISSIVE,NOT_REVIEWED,6de9b437-9f30-45b7-897e-8a02a859ae24,7954af5d-78e7-4070-877e-5906edc1fc67,ad705c59-6893-4980-bdbf-0837f1823cc4
163,mdast-util-gfm-autolink-literal,2.0.1,Transitive Dependency,MIT License,PERMISSIVE,NOT_REVIEWED,27a89733-863a-4ce9-8adb-05823e3eb92c,4a64c29e-cb38-42c0-a28c-dc16a6e26a67,ad705c59-6893-4980-bdbf-0837f1823cc4
164,mdast-util-gfm-footnote,2.1.0,Transitive Dependency,MIT License,PERMISSIVE,NOT_REVIEWED,68e14fee-5320-4449-9fbd-bb426cb9183a,39989a0e-0258-4121-8cce-4eaa79bd984f,ad705c59-6893-4980-bdbf-0837f1823cc4
165,mdast-util-gfm-strikethrough,2.0.0,Transitive Dependency,MIT License,PERMISSIVE,NOT_REVIEWED,79df0241-ba01-4148-a517-cf97ff7745bb,9301135b-a2f3-4d91-83e8-012da4a65f8a,ad705c59-6893-4980-bdbf-0837f1823cc4
166,mdast-util-gfm-table,2.0.0,Transitive Dependency,MIT License,PERMISSIVE,NOT_REVIEWED,25eba178-5591-4ca5-b3cf-bad6ca92660f,3ddcf2e5-a0c3-4011-8cb0-7c06b1e1b014,ad705c59-6893-4980-bdbf-0837f1823cc4
167,mdast-util-gfm-task-list-item,2.0.0,Transitive Dependency,MIT License,PERMISSIVE,NOT_REVIEWED,7fa7ef74-f45f-4ed8-a3bc-fcfc9c4caf7c,88190e54-5861-4e70-a470-5bf1a7fd4b86,ad705c59-6893-4980-bdbf-0837f1823cc4
168,mdast-util-phrasing,4.1.0,Transitive Dependency,MIT License,PERMISSIVE,NOT_REVIEWED,c9f83cbf-663f-45d7-aca1-58e7a521e293,e7988d8f-0508-4ec0-9c04-69847b3adbfa,ad705c59-6893-4980-bdbf-0837f1823cc4
169,mdast-util-to-hast,13.2.1,Transitive Dependency,MIT License,PERMISSIVE,NOT_REVIEWED,2aa53042-7c7b-4d82-a9c9-0855bef67b14,1352219d-ddf0-4a71-ac68-9d4130afe835,ad705c59-6893-4980-bdbf-0837f1823cc4
170,mdast-util-to-markdown,2.1.2,Transitive Dependency,MIT License,PERMISSIVE,NOT_REVIEWED,d1f76021-f989-47d8-af23-d7ea961b265f,5c7aff95-8912-4753-943e-12c56ee43adc,ad705c59-6893-4980-bdbf-0837f1823cc4
171,mdast-util-to-string,4.0.0,Transitive Dependency,MIT License,PERMISSIVE,NOT_REVIEWED,15c92da2-c107-4fa3-8fda-be890c179153,c682c2a3-44d7-4298-9a99-eac07a83ac13,ad705c59-6893-4980-bdbf-0837f1823cc4
172,merge2,1.4.1,Transitive Dependency,MIT License,PERMISSIVE,NOT_REVIEWED,f680dd2b-dccc-4bed-99b7-7eeaaa0930cf,2d970607-f47b-4579-95b5-2986012c1ffa,ad705c59-6893-4980-bdbf-0837f1823cc4
173,micromark,4.0.2,Transitive Dependency,MIT License,PERMISSIVE,NOT_REVIEWED,3cab4eba-59e3-4a1e-bc8c-18b43c7f60c2,61d5a261-50e7-4608-ab44-4054367e8129,ad705c59-6893-4980-bdbf-0837f1823cc4
174,micromark-core-commonmark,2.0.3,Transitive Dependency,MIT License,PERMISSIVE,NOT_REVIEWED,835584f7-3faf-4751-ac5a-4ce3904c2056,4bc0154e-d1c6-4411-97b1-f244f4dfba1e,ad705c59-6893-4980-bdbf-0837f1823cc4
175,micromark-extension-gfm,3.0.0,Transitive Dependency,MIT License,PERMISSIVE,NOT_REVIEWED,e9d3df71-13be-4c1f-ae36-affdeb37c1a1,0ea06f63-c0cb-4617-8278-3921394e59a2,ad705c59-6893-4980-bdbf-0837f1823cc4
176,micromark-extension-gfm-autolink-literal,2.1.0,Transitive Dependency,MIT License,PERMISSIVE,NOT_REVIEWED,2ddbeb0a-f29c-4da9-86d2-a1360e26ebfb,7dd1eff4-262f-462c-8c4f-49a09a33c270,ad705c59-6893-4980-bdbf-0837f1823cc4
177,micromark-extension-gfm-footnote,2.1.0,Transitive Dependency,MIT License,PERMISSIVE,NOT_REVIEWED,a4c8d6ae-cf0d-4e66-bfc3-c3e0f36595f3,be2ed412-9efe-4203-bf44-b64271c6b22c,ad705c59-6893-4980-bdbf-0837f1823cc4
178,micromark-extension-gfm-strikethrough,2.1.0,Transitive Dependency,MIT License,PERMISSIVE,NOT_REVIEWED,e3310bdc-58d4-46f5-9bd3-a4ee2dc6c1f1,fa1046ba-0e58-4a49-aea2-248690e2745c,ad705c59-6893-4980-bdbf-0837f1823cc4
179,micromark-extension-gfm-table,2.1.1,Transitive Dependency,MIT License,PERMISSIVE,NOT_REVIEWED,95afaddd-3dfc-4240-b7fb-844584df60c9,424cac9f-eba9-4be4-972f-4b6b0a4fa982,ad705c59-6893-4980-bdbf-0837f1823cc4
180,micromark-extension-gfm-tagfilter,2.0.0,Transitive Dependency,MIT License,PERMISSIVE,NOT_REVIEWED,d3e6a553-eff0-40f5-8c11-87e456f7dfb4,09e4206d-ef7b-4f43-994a-aa80f1aa1e25,ad705c59-6893-4980-bdbf-0837f1823cc4
181,micromark-extension-gfm-task-list-item,2.1.0,Transitive Dependency,MIT License,PERMISSIVE,NOT_REVIEWED,eb962ace-96d0-4f45-94ee-6295ac3a3be2,376eac96-b984-4ffc-87c5-ccdb380bd3e2,ad705c59-6893-4980-bdbf-0837f1823cc4
182,micromark-factory-destination,2.0.1,Transitive Dependency,MIT License,PERMISSIVE,NOT_REVIEWED,fcb833e6-c688-4715-9bc8-0d46d56560ab,ad9005b1-d472-4723-977c-c1818924e5cf,ad705c59-6893-4980-bdbf-0837f1823cc4
183,micromark-factory-label,2.0.1,Transitive Dependency,MIT License,PERMISSIVE,NOT_REVIEWED,991aba05-0817-40e8-9354-8850c2c1878b,503e6795-4a95-42be-b999-bd1299013e73,ad705c59-6893-4980-bdbf-0837f1823cc4
184,micromark-factory-space,2.0.1,Transitive Dependency,MIT License,PERMISSIVE,NOT_REVIEWED,21efdb21-e849-4a63-a247-0680b62aadac,a9453faf-6fc9-4f64-ad22-adc5fa8528b5,ad705c59-6893-4980-bdbf-0837f1823cc4
185,micromark-factory-title,2.0.1,Transitive Dependency,MIT License,PERMISSIVE,NOT_REVIEWED,371a61f6-7bbf-4051-a9f8-67a5f32b34e5,06e43355-dd37-4916-afdb-ea71b116d091,ad705c59-6893-4980-bdbf-0837f1823cc4
186,micromark-factory-whitespace,2.0.1,Transitive Dependency,MIT License,PERMISSIVE,NOT_REVIEWED,2184a863-761f-4462-8c08-08107c5de584,eb3c30cc-8396-466c-bb64-305093f4f84e,ad705c59-6893-4980-bdbf-0837f1823cc4
187,micromark-util-character,2.1.1,Transitive Dependency,MIT License,PERMISSIVE,NOT_REVIEWED,5fcaf489-be0c-4dfd-a575-d92d6923b7ec,29270377-980f-419b-a652-5630bca58d32,ad705c59-6893-4980-bdbf-0837f1823cc4
188,micromark-util-chunked,2.0.1,Transitive Dependency,MIT License,PERMISSIVE,NOT_REVIEWED,d3b482be-96c6-42cc-a073-403d3add4024,d5893d9a-5fd6-49a1-ba67-12159a8f0dc1,ad705c59-6893-4980-bdbf-0837f1823cc4
189,micromark-util-classify-character,2.0.1,Transitive Dependency,MIT License,PERMISSIVE,NOT_REVIEWED,fce60c99-3e41-4d5d-9f54-86e2b08d93a4,c7a68cf7-f32c-4008-89a0-0df1446d95f1,ad705c59-6893-4980-bdbf-0837f1823cc4
190,micromark-util-combine-extensions,2.0.1,Transitive Dependency,MIT License,PERMISSIVE,NOT_REVIEWED,5c6f350f-8f97-4695-9256-0067bb74b32b,f03298a8-545d-45ea-bbce-bba57f1d9363,ad705c59-6893-4980-bdbf-0837f1823cc4
191,micromark-util-decode-numeric-character-reference,2.0.2,Transitive Dependency,MIT License,PERMISSIVE,NOT_REVIEWED,1bb981ba-aea4-45c9-9304-7a1e6ae9a1ca,ee5874ea-0b4b-4a30-97ea-9cd2b698225a,ad705c59-6893-4980-bdbf-0837f1823cc4
192,micromark-util-decode-string,2.0.1,Transitive Dependency,MIT License,PERMISSIVE,NOT_REVIEWED,27de5579-0efe-41b9-8ba0-1e099a39468e,5978db7a-49c6-4a00-9324-b71651d4ef52,ad705c59-6893-4980-bdbf-0837f1823cc4
193,micromark-util-encode,2.0.1,Transitive Dependency,MIT License,PERMISSIVE,NOT_REVIEWED,2cbe1277-c59d-42c3-877f-155eb14c88c2,61f33d56-ea5c-4813-a3f7-823e67475fcb,ad705c59-6893-4980-bdbf-0837f1823cc4
194,micromark-util-html-tag-name,2.0.1,Transitive Dependency,MIT License,PERMISSIVE,NOT_REVIEWED,c17ce4a7-e98d-4d6a-88f4-c45d9c3f84f4,f055e0bc-b3b2-41c6-b83d-ae1f382afe00,ad705c59-6893-4980-bdbf-0837f1823cc4
195,micromark-util-normalize-identifier,2.0.1,Transitive Dependency,MIT License,PERMISSIVE,NOT_REVIEWED,cb4b58e5-20c0-4ebc-a61b-5f303abc3188,9d18656f-2f1c-4847-9cd3-197f6381c818,ad705c59-6893-4980-bdbf-0837f1823cc4
196,micromark-util-resolve-all,2.0.1,Transitive Dependency,MIT License,PERMISSIVE,NOT_REVIEWED,e11670c3-fe1b-42ed-8d40-9b2ec5b77073,4238a653-ac89-4f1c-8aa1-9d20ca0b368c,ad705c59-6893-4980-bdbf-0837f1823cc4
197,micromark-util-sanitize-uri,2.0.1,Transitive Dependency,MIT License,PERMISSIVE,NOT_REVIEWED,fb334679-c2a3-403f-9867-795c9a986684,7a77fee1-1c55-4b66-835d-a803b6fd0819,ad705c59-6893-4980-bdbf-0837f1823cc4
198,micromark-util-subtokenize,2.1.0,Transitive Dependency,MIT License,PERMISSIVE,NOT_REVIEWED,93fef767-3219-43e9-a317-da187fb31723,92b1e827-adbd-4dd9-bcc7-55932efe1ba5,ad705c59-6893-4980-bdbf-0837f1823cc4
199,micromark-util-symbol,2.0.1,Transitive Dependency,MIT License,PERMISSIVE,NOT_REVIEWED,a271e1d9-6e92-4419-88c6-ec2d5c6d2808,477a194b-a419-441c-8e94-6d518301b3a6,ad705c59-6893-4980-bdbf-0837f1823cc4
200,micromark-util-types,2.0.2,Transitive Dependency,MIT License,PERMISSIVE,NOT_REVIEWED,3a932550-fee9-46c6-8052-512feed55cb1,e79b57ef-dd71-40d6-90db-bb6c3cdf1150,ad705c59-6893-4980-bdbf-0837f1823cc4
201,micromatch,4.0.8,Transitive Dependency,MIT License,PERMISSIVE,NOT_REVIEWED,fc0a76fe-70a4-4afa-9a94-c3c22d63454f,c81112e7-31cc-4704-81c2-96a788572a4e,ad705c59-6893-4980-bdbf-0837f1823cc4
202,micromatch/braces,3.0.3,Transitive Dependency,MIT License,PERMISSIVE,NOT_REVIEWED,34b0d62d-0d29-4007-8673-b94e1d8ee5d9,c6d3c5b5-8b0d-4b6f-88b0-36c48711576d,ad705c59-6893-4980-bdbf-0837f1823cc4
203,mime-db,1.52.0,Transitive Dependency,MIT License,PERMISSIVE,NOT_REVIEWED,8af04f95-a0fc-4e8d-927a-0778def3fc8a,f06813fb-4245-49c8-914e-61b416a5da78,ad705c59-6893-4980-bdbf-0837f1823cc4
204,mini-svg-data-uri,1.4.4,Transitive Dependency,MIT License,PERMISSIVE,NOT_REVIEWED,27b07405-83d7-4ac8-9506-be56153e1087,243ecb76-d343-4565-94a1-8d85eda5a1f4,ad705c59-6893-4980-bdbf-0837f1823cc4
205,monaco-editor,0.43.0,Transitive Dependency,MIT License,PERMISSIVE,NOT_REVIEWED,6ca8afc6-efb8-439e-a971-72503789c380,cb928224-3c54-4770-a63b-37c911c0a1bf,ad705c59-6893-4980-bdbf-0837f1823cc4
206,ms.js,2.1.3,Transitive Dependency,MIT License,PERMISSIVE,NOT_REVIEWED,36cb81b8-10ef-4223-ac3e-1ad33244d3fa,4dfff015-8550-4612-a6f0-bbcae347e7f2,ad705c59-6893-4980-bdbf-0837f1823cc4
207,mz,2.7.0,Transitive Dependency,MIT License,PERMISSIVE,NOT_REVIEWED,e086160d-0564-4f0c-b7b6-6122ce8ecec9,2034e821-89b0-4794-accb-4d027a621bc2,ad705c59-6893-4980-bdbf-0837f1823cc4
208,nanoid,3.3.17,Transitive Dependency,MIT License,PERMISSIVE,NOT_REVIEWED,3b026836-83f9-4d98-92a3-9d40e2d284a1,6323e829-1edc-46d0-b31a-0103b7dc40e4,ad705c59-6893-4980-bdbf-0837f1823cc4
209,natefinch/lumberjack,v2.2.1,Direct Dependency,MIT License,PERMISSIVE,NOT_REVIEWED,e48f333c-daf0-4fb9-8664-5ed78ac863b8,84cf6a40-7adb-4550-bff1-3b649ac012fc,ad705c59-6893-4980-bdbf-0837f1823cc4
210,normalize-path,3.0.0,Transitive Dependency,MIT License,PERMISSIVE,NOT_REVIEWED,e0e219d7-d451-40bd-bc3a-dcd03c85f0c6,9a6facc9-b517-4b61-b54f-6cac0c07372f,ad705c59-6893-4980-bdbf-0837f1823cc4
211,object-assign,4.1.1,Transitive Dependency,MIT License,PERMISSIVE,NOT_REVIEWED,858b749a-cf94-4a41-ac91-540fc6c6078d,ad49d52b-740c-487a-9a4b-21be7bddaf3a,ad705c59-6893-4980-bdbf-0837f1823cc4
212,object-hash,3.0.0,Transitive Dependency,MIT License,PERMISSIVE,NOT_REVIEWED,849d56df-25da-4bd4-9728-736f18a8ce5a,1808e634-731a-4f5c-a69d-9470b3e96736,ad705c59-6893-4980-bdbf-0837f1823cc4
213,open-telemetry/opentelemetry-go,metric/v1.45.0,Transitive Dependency,Apache License 2.0,PERMISSIVE,NOT_REVIEWED,1953faed-d715-4142-887b-a8b77303b8e6,84c0b574-0983-4454-afa2-cf488e266c64,7cae335f-1193-421e-92f1-8802b4243e93
214,open-telemetry/opentelemetry-go,trace/v1.45.0,Transitive Dependency,Apache License 2.0,PERMISSIVE,NOT_REVIEWED,1953faed-d715-4142-887b-a8b77303b8e6,f218ccd7-b2bb-446c-b2d9-a490cd80554f,7cae335f-1193-421e-92f1-8802b4243e93
215,open-telemetry/opentelemetry-go,v1.45.0,Transitive Dependency,Apache License 2.0,PERMISSIVE,NOT_REVIEWED,1953faed-d715-4142-887b-a8b77303b8e6,a44c8148-36a7-465c-be19-8286ac62d772,7cae335f-1193-421e-92f1-8802b4243e93
216,open-telemetry/opentelemetry-go-contrib,instrumentation/google.golang.org/grpc/otelgrpc/v0.70.0,Transitive Dependency,Apache License 2.0,PERMISSIVE,NOT_REVIEWED,a46d3402-e0f0-420c-8e15-b8c8056d5d51,0155f4ac-86b5-4dd4-ad84-44fba0e4bfdc,7cae335f-1193-421e-92f1-8802b4243e93
217,open-telemetry/opentelemetry-go-instrumentation,sdk/v1.2.1,Transitive Dependency,Apache License 2.0,PERMISSIVE,NOT_REVIEWED,a9de23f7-40a8-4513-8a30-a550ab794b23,257847f1-c2d4-4335-92e2-79eedc31c9cf,7cae335f-1193-421e-92f1-8802b4243e93
218,path-parse,1.0.7,Transitive Dependency,MIT License,PERMISSIVE,NOT_REVIEWED,9908f362-3522-4f6c-9ef1-d136ad1b38ae,7f344029-042c-4e1b-8f94-3e17bb7d779c,ad705c59-6893-4980-bdbf-0837f1823cc4
219,picocolors,1.1.1,Transitive Dependency,ISC License,PERMISSIVE,NOT_REVIEWED,5b843241-8399-4eb5-8b2d-337a95c0f3c7,06ab421b-aafb-4185-9130-ad1ea0cdda70,14b0b50b-acd2-4fc8-ac65-3b15f9e58260
220,picomatch,2.3.2,Transitive Dependency,MIT License,PERMISSIVE,NOT_REVIEWED,9508705d-e9dd-4cb7-8293-b14e472e4bb6,1700408d-d4ca-4e00-8836-b4f02b7af241,ad705c59-6893-4980-bdbf-0837f1823cc4
221,picomatch,4.0.5,Transitive Dependency,MIT License,PERMISSIVE,NOT_REVIEWED,9508705d-e9dd-4cb7-8293-b14e472e4bb6,ae762781-fe74-46eb-ac90-02a9c7021480,ad705c59-6893-4980-bdbf-0837f1823cc4
222,pify,2.3.0,Transitive Dependency,MIT License,PERMISSIVE,NOT_REVIEWED,48811bd9-bc1e-4730-a661-e52a04c015dd,59f19448-59ec-4e56-a241-ca2821a26148,ad705c59-6893-4980-bdbf-0837f1823cc4
223,pirates,4.0.7,Transitive Dependency,MIT License,PERMISSIVE,NOT_REVIEWED,c300d727-eb91-42ed-b1a0-2553de195790,13dc9e2d-808c-45d7-a00b-0148d9f21ed5,ad705c59-6893-4980-bdbf-0837f1823cc4
224,pmezard-go-difflib,1.0.0,Transitive Dependency,"BSD 3-clause ""New"" or ""Revised"" License",PERMISSIVE,NOT_REVIEWED,b17e8536-f6a6-455f-a660-0f40479eaf40,d1de4ee2-14d9-46be-9755-0dc7cd89c0d4,3d238144-44e6-450e-b523-3defbdaed9dc
225,postcss-import,15.1.0,Transitive Dependency,MIT License,PERMISSIVE,NOT_REVIEWED,5129c098-96e2-4644-b80f-22ae549db2b2,936d9480-9fd5-4de5-b794-67bbde2b415e,ad705c59-6893-4980-bdbf-0837f1823cc4
226,postcss-js,4.1.0,Transitive Dependency,MIT License,PERMISSIVE,NOT_REVIEWED,1abda21f-d6d9-4863-abca-a6e0b2a04443,f94dd696-375b-4dff-9bf4-cbf838ebbe1b,ad705c59-6893-4980-bdbf-0837f1823cc4
227,postcss-load-config,4.0.2,Transitive Dependency,MIT License,PERMISSIVE,NOT_REVIEWED,3ae0de7b-5c06-4bee-bccb-e4b6db015f30,d7a89197-f47a-4077-b94a-881e198cbcd2,ad705c59-6893-4980-bdbf-0837f1823cc4
228,postcss-nested,6.2.0,Transitive Dependency,MIT License,PERMISSIVE,NOT_REVIEWED,321ec54c-ef05-45b5-a938-f6283957cace,e10ac0a4-4b6a-4703-9372-1fb8ff1cde06,ad705c59-6893-4980-bdbf-0837f1823cc4
229,postcss-selector-parser,6.1.4,Transitive Dependency,MIT License,PERMISSIVE,NOT_REVIEWED,2756a7ac-3598-448b-b4ea-a8dafa601073,fd553919-9dfc-4e39-af90-09bec17b0e0b,ad705c59-6893-4980-bdbf-0837f1823cc4
230,postcss-value-parser,4.2.0,Transitive Dependency,MIT License,PERMISSIVE,NOT_REVIEWED,337eff2e-b5c9-4570-a24e-1d799d3c6466,01f88747-c0fe-47fc-9a16-53e00a933bbe,ad705c59-6893-4980-bdbf-0837f1823cc4
231,prometheus-client_model,v0.6.2,Direct Dependency,Apache License 2.0,PERMISSIVE,NOT_REVIEWED,1f0f4cb8-c53b-4ac4-a20e-2bd7b11686c8,e747f18f-5f8e-4084-ac5b-3008f5f51d76,7cae335f-1193-421e-92f1-8802b4243e93
232,prometheus-common,v0.70.1,Direct Dependency,Apache License 2.0,PERMISSIVE,NOT_REVIEWED,399ba8e6-0419-4d36-81ef-754f8a32bdf0,c5060d96-53bf-49f0-aed5-8a69a8a26f47,7cae335f-1193-421e-92f1-8802b4243e93
233,prometheus-procfs,v0.21.1,Transitive Dependency,Apache License 2.0,PERMISSIVE,NOT_REVIEWED,28fc1259-0963-4734-85ab-7eb29eb9e134,3caa31a6-64a3-4e89-8206-65c5b631eadd,7cae335f-1193-421e-92f1-8802b4243e93
234,property-information,7.2.0,Transitive Dependency,MIT License,PERMISSIVE,NOT_REVIEWED,a8e99336-f141-426d-8671-c031a698c089,6fb74388-20c7-4f84-a27c-c6c696395868,ad705c59-6893-4980-bdbf-0837f1823cc4
235,proxy-from-env,2.1.0,Transitive Dependency,MIT License,PERMISSIVE,NOT_REVIEWED,e0255d53-a544-49a8-b0e3-e37f9614efef,f3ae4cb1-6834-4e5d-b0b5-1d1efa17da80,ad705c59-6893-4980-bdbf-0837f1823cc4
236,queue-microtask,1.2.3,Transitive Dependency,MIT License,PERMISSIVE,NOT_REVIEWED,893986d1-c8f1-4e24-aeb2-e4a05a3c3f8b,67433d79-3f66-469c-87c4-614dca02bbb9,ad705c59-6893-4980-bdbf-0837f1823cc4
237,react-accessible-treeview,2.11.2,Transitive Dependency,MIT License,PERMISSIVE,NOT_REVIEWED,8ab24ea2-8b17-4c42-ba53-08629940a173,3ed6dea5-cbc4-4a56-9063-c3670b4e4d6a,ad705c59-6893-4980-bdbf-0837f1823cc4
238,react-chartjs-2,5.3.1,Transitive Dependency,MIT License,PERMISSIVE,NOT_REVIEWED,d1424d51-975f-4ebd-b140-36fa0570a405,4ae5af95-c162-4591-92c8-1fa26e52ad93,ad705c59-6893-4980-bdbf-0837f1823cc4
239,react-dom,18.2.0,Direct Dependency,MIT License,PERMISSIVE,NOT_REVIEWED,3d2b6276-0b2c-462b-b83f-eb2a33e217da,02fb812b-fc42-47da-94d2-b2e6bfc8e48a,ad705c59-6893-4980-bdbf-0837f1823cc4
240,react-hook-form,7.75.0,Direct Dependency,MIT License,PERMISSIVE,NOT_REVIEWED,4052e685-ac45-4818-a5df-653a7d175436,9caf2c3c-a4d4-4a7a-a7a2-9f31b8661fd0,ad705c59-6893-4980-bdbf-0837f1823cc4
241,react-merge-refs,3.0.2,Transitive Dependency,MIT License,PERMISSIVE,NOT_REVIEWED,55835275-ed56-4da9-aeb4-667d1ad9b772,8f12efda-724a-47bf-9d29-d302766c356c,ad705c59-6893-4980-bdbf-0837f1823cc4
242,react-pin-field,4.0.2,Transitive Dependency,MIT License,PERMISSIVE,NOT_REVIEWED,2fab15ec-28b8-46c7-b54e-547155947d8d,d7b4b5d2-be04-4edc-88d8-1ec2055f5bd4,ad705c59-6893-4980-bdbf-0837f1823cc4
243,react-router-dom,7.18.2,Direct Dependency,MIT License,PERMISSIVE,NOT_REVIEWED,85c9a45a-dce4-40ae-9c32-ad3f1ee38179,b19062d8-a2cd-4c71-acfb-ac5ecdfb0d03,ad705c59-6893-4980-bdbf-0837f1823cc4
244,reacttraining/react-router,7.18.2,Transitive Dependency,MIT License,PERMISSIVE,NOT_REVIEWED,aad13d25-9938-4078-a8b7-7a2bdd4a685e,de3ec5d4-efb2-4c6b-bf13-08f6d39a8f3a,ad705c59-6893-4980-bdbf-0837f1823cc4
245,read-cache,1.0.0,Transitive Dependency,MIT License,PERMISSIVE,NOT_REVIEWED,5e0459d8-135a-497f-b416-d88fac397d47,78ed55b1-ebfe-4307-b51f-8562f3340131,ad705c59-6893-4980-bdbf-0837f1823cc4
246,readdirp,3.6.0,Transitive Dependency,MIT License,PERMISSIVE,NOT_REVIEWED,d9eca8f2-4fd6-4c82-941f-ca6a7d92b130,889445a7-9917-4a9c-aac7-3761e6ef9045,ad705c59-6893-4980-bdbf-0837f1823cc4
247,rehype-parse,10.0.1,Transitive Dependency,MIT License,PERMISSIVE,NOT_REVIEWED,8f9147b1-6579-45fa-8fb3-9e559eadaa82,719df4cc-a5cb-445c-8548-94c024aec6d5,ad705c59-6893-4980-bdbf-0837f1823cc4
248,remark-gfm,4.0.1,Transitive Dependency,MIT License,PERMISSIVE,NOT_REVIEWED,342107da-4ea0-4ec8-a58e-9ca87719d8bf,854d7808-5e00-41ce-b7d9-93716f177f88,ad705c59-6893-4980-bdbf-0837f1823cc4
249,remark-js,11.0.0,Transitive Dependency,MIT License,PERMISSIVE,NOT_REVIEWED,9a30839f-d9af-4c2f-a18c-616dcc3a0a35,a446ed4b-8cbb-4ada-85c0-cdd475d5560a,ad705c59-6893-4980-bdbf-0837f1823cc4
250,remark-rehype,11.1.2,Transitive Dependency,MIT License,PERMISSIVE,NOT_REVIEWED,ba538988-38b9-4bb9-b402-a38d70f78480,3ba32f6b-aec7-4786-85ab-6f956b062215,ad705c59-6893-4980-bdbf-0837f1823cc4
251,reusify,1.1.0,Transitive Dependency,MIT License,PERMISSIVE,NOT_REVIEWED,e00db6d7-413b-43d3-ab88-f3fe5e461f0e,9418af61-7042-4a74-adaf-fc2781562015,ad705c59-6893-4980-bdbf-0837f1823cc4
252,run-parallel,1.2.0,Transitive Dependency,MIT License,PERMISSIVE,NOT_REVIEWED,050a53ee-1a85-4c4d-a9b0-037172bedbe7,5ced883d-a0de-40d4-8455-a46cf6379427,ad705c59-6893-4980-bdbf-0837f1823cc4
253,scheduler,0.23.2,Transitive Dependency,MIT License,PERMISSIVE,NOT_REVIEWED,4396b6c2-c531-4c99-946f-ba962595193d,41a5be6f-eb86-41cf-bf8d-f136f51531af,ad705c59-6893-4980-bdbf-0837f1823cc4
254,set-cookie-parser,2.7.2,Transitive Dependency,MIT License,PERMISSIVE,NOT_REVIEWED,73f7434d-86e0-4cbe-a78a-eb2fce4da812,e3edc00a-8308-4edd-8744-46a98e6f18b1,ad705c59-6893-4980-bdbf-0837f1823cc4
255,source-map-js,1.2.1,Transitive Dependency,"BSD 3-clause ""New"" or ""Revised"" License",PERMISSIVE,NOT_REVIEWED,bd48d3f5-d982-4580-809a-4381501427e6,75b65ea8-2cdf-4d93-bc03-bfbd52f7eb28,3d238144-44e6-450e-b523-3defbdaed9dc
256,space-separated-tokens,2.0.2,Transitive Dependency,MIT License,PERMISSIVE,NOT_REVIEWED,2253cfdf-cdd0-49f3-a551-fff5371d5522,4c9da7db-1cd8-409d-9bc2-e5ab10fd50a5,ad705c59-6893-4980-bdbf-0837f1823cc4
257,spf13-cobra,1.10.2,Direct Dependency,Apache License 2.0,PERMISSIVE,NOT_REVIEWED,01b58af6-4fea-4850-a865-f04907645f91,3cbb8926-d0cc-49fd-b738-057b48f297d7,7cae335f-1193-421e-92f1-8802b4243e93
258,split.js,1.6.5,Transitive Dependency,MIT License,PERMISSIVE,NOT_REVIEWED,8a7f9457-0932-4865-9985-fd5842df738c,7d602ccc-4182-47c3-8a57-71649c7457ac,ad705c59-6893-4980-bdbf-0837f1823cc4
259,state-local,1.0.7,Transitive Dependency,MIT License,PERMISSIVE,NOT_REVIEWED,31f8fdb6-10ec-49b4-9ebc-dc57e737e74c,f886b78b-aa18-4caf-8042-158d28a5746b,ad705c59-6893-4980-bdbf-0837f1823cc4
260,stringify-entities,4.0.4,Transitive Dependency,MIT License,PERMISSIVE,NOT_REVIEWED,847d200c-a3b2-4a77-a87b-e33628b5e623,5a4f37aa-0b32-4175-9112-cb0dd802fdf0,ad705c59-6893-4980-bdbf-0837f1823cc4
261,sucrase,3.35.1,Transitive Dependency,MIT License,PERMISSIVE,NOT_REVIEWED,d56d5509-c53f-4da2-9e41-bb3f09a6ddce,6779c2c8-e949-4d79-890f-21220613f21f,ad705c59-6893-4980-bdbf-0837f1823cc4
262,supports-preserve-symlinks-flag,1.0.0,Transitive Dependency,MIT License,PERMISSIVE,NOT_REVIEWED,ca23b937-23d6-41fc-a59b-5bd01c0d6587,75b8dbb2-29a5-424f-8ce1-d74a9b6db003,ad705c59-6893-4980-bdbf-0837f1823cc4
263,tabbable,6.5.0,Transitive Dependency,MIT License,PERMISSIVE,NOT_REVIEWED,8869757a-3f12-4f8c-b2d3-df319b484a9e,85845ce0-d034-46ba-ae5d-3a6d1ca90e32,ad705c59-6893-4980-bdbf-0837f1823cc4
264,tailwindcss,3.4.0,Transitive Dependency,MIT License,PERMISSIVE,NOT_REVIEWED,7fe3a5c1-f0bf-429f-8070-5c77e7bed070,10da062b-ded6-4104-917d-5d1b0498b8e4,ad705c59-6893-4980-bdbf-0837f1823cc4
265,thenify,3.3.1,Transitive Dependency,MIT License,PERMISSIVE,NOT_REVIEWED,1e01cda1-469d-4583-a3f3-0e5ed3b03b4d,702ab46d-468f-4098-9e3c-75e9b03473ed,ad705c59-6893-4980-bdbf-0837f1823cc4
266,thenify-all,1.6.0,Transitive Dependency,MIT License,PERMISSIVE,NOT_REVIEWED,0d941ccc-c01f-4a1a-9172-35321c7dc25f,d5a91f88-0f53-40e3-bf6c-54eb31cebd97,ad705c59-6893-4980-bdbf-0837f1823cc4
267,tinyglobby,0.2.17,Transitive Dependency,MIT License,PERMISSIVE,NOT_REVIEWED,86c97431-daba-4e5e-97d0-615a167162b1,0a44a927-982d-4bb4-922e-dd96cb9650c9,ad705c59-6893-4980-bdbf-0837f1823cc4
268,to-regex-range,5.0.1,Transitive Dependency,MIT License,PERMISSIVE,NOT_REVIEWED,b084fdef-0689-4175-8d31-6e46e34fedea,4e38181d-b142-45fa-94aa-3a32218cd91e,ad705c59-6893-4980-bdbf-0837f1823cc4
269,trim-lines,3.0.1,Transitive Dependency,MIT License,PERMISSIVE,NOT_REVIEWED,0454c62a-5da0-4a82-85f3-272542ae6b24,0dd4371d-abac-4cd5-b655-6731e02fc911,ad705c59-6893-4980-bdbf-0837f1823cc4
270,trough,2.2.0,Transitive Dependency,MIT License,PERMISSIVE,NOT_REVIEWED,3168f75e-3e32-46b2-8007-0234adf07436,f4c8a682-6e35-47ee-bc63-0e689e856d7b,ad705c59-6893-4980-bdbf-0837f1823cc4
271,ts-interface-checker,0.1.13,Transitive Dependency,Apache License 2.0,PERMISSIVE,NOT_REVIEWED,58bb9955-d448-4e89-8276-4d48ff3a0d87,cee61f9d-7df9-4946-b2e7-ace201000350,7cae335f-1193-421e-92f1-8802b4243e93
272,unified,11.0.5,Transitive Dependency,MIT License,PERMISSIVE,NOT_REVIEWED,e0450e99-925b-4419-ae36-06b8922c996d,53298888-e41b-40f7-acea-e2891b5f9084,ad705c59-6893-4980-bdbf-0837f1823cc4
273,unist-util-is,6.0.1,Transitive Dependency,MIT License,PERMISSIVE,NOT_REVIEWED,76de1447-9cbc-4f11-94e5-cfb09acfe099,2a56ea22-f0c9-4d83-8d27-2f6a01d666fc,ad705c59-6893-4980-bdbf-0837f1823cc4
274,unist-util-position,5.0.0,Transitive Dependency,MIT License,PERMISSIVE,NOT_REVIEWED,cd5cfb5f-e5c7-4f1b-93bf-6e463bc58a31,1cb9feee-382c-43d8-888e-1e4da743bdf8,ad705c59-6893-4980-bdbf-0837f1823cc4
275,unist-util-stringify-position,4.0.0,Transitive Dependency,MIT License,PERMISSIVE,NOT_REVIEWED,d702ff58-736f-488f-b8ec-3210d126051d,84817eae-9468-4a6a-be4e-8f6de5396fe6,ad705c59-6893-4980-bdbf-0837f1823cc4
276,unist-util-visit,5.1.0,Transitive Dependency,MIT License,PERMISSIVE,NOT_REVIEWED,7993f568-079a-44da-99bf-c8dbfcda501d,321e845e-9892-4a92-8c50-00423414c8eb,ad705c59-6893-4980-bdbf-0837f1823cc4
277,unist-util-visit-parents,6.0.2,Transitive Dependency,MIT License,PERMISSIVE,NOT_REVIEWED,79305a75-8cb8-467c-b672-c76163631d4d,df3ebf9f-6af2-40f5-a01e-b87af2170013,ad705c59-6893-4980-bdbf-0837f1823cc4
278,use-sync-external-store,1.6.0,Transitive Dependency,MIT License,PERMISSIVE,NOT_REVIEWED,7186641d-690e-47e6-8ba5-746104142163,3bc7f939-7ba5-4f40-aacb-0066fc6222fb,ad705c59-6893-4980-bdbf-0837f1823cc4
279,util-deprecate,1.0.2,Transitive Dependency,MIT License,PERMISSIVE,NOT_REVIEWED,a12ebbc1-7d1b-4bd4-bf7c-3ac986935752,31547c97-cd45-427a-aa1a-2e41235ed080,ad705c59-6893-4980-bdbf-0837f1823cc4
280,vfile,6.0.3,Transitive Dependency,MIT License,PERMISSIVE,NOT_REVIEWED,706dec56-f81d-4d88-af48-f28e9350fe7e,d7626246-9c3b-4e2e-af5e-7c7751b7d245,ad705c59-6893-4980-bdbf-0837f1823cc4
281,vfile-message,4.0.3,Transitive Dependency,MIT License,PERMISSIVE,NOT_REVIEWED,df39f472-2988-4ee2-b189-4607d10947c4,9dd392be-4360-4569-9401-45694f623185,ad705c59-6893-4980-bdbf-0837f1823cc4
282,wooorm/ccount,2.0.1,Transitive Dependency,MIT License,PERMISSIVE,NOT_REVIEWED,15d3a5f8-09ce-440e-b925-4bbed88a6fb4,ffa0ec50-d1a2-450a-8d3d-c560e0a1a2c4,ad705c59-6893-4980-bdbf-0837f1823cc4
283,yaml,2.9.0,Transitive Dependency,ISC License,PERMISSIVE,NOT_REVIEWED,4fd2889e-1952-46f3-bd81-2ae55ec9a6d9,ad49d8f4-c33b-406c-b00f-c6a69a4afff8,14b0b50b-acd2-4fc8-ac65-3b15f9e58260
284,yaml for Go,v3.0.1,Transitive Dependency,(MIT License AND Apache License 2.0),PERMISSIVE,NOT_REVIEWED,45badf4c-c022-42ba-b294-b7193a79b6b8,5de17134-19f2-44cf-8bea-25d22c0ca4f9,"ad705c59-6893-4980-bdbf-0837f1823cc4,7cae335f-1193-421e-92f1-8802b4243e93"
285,zod,4.3.6,Direct Dependency,MIT License,PERMISSIVE,NOT_REVIEWED,2034c861-f2c9-41f9-b228-b4a35cbb427c,3e38aff5-1c8d-49cf-b834-fa1bf3ee00ab,ad705c59-6893-4980-bdbf-0837f1823cc4
286,zwitch,2.0.4,Transitive Dependency,MIT License,PERMISSIVE,NOT_REVIEWED,e6870b95-8ea0-4db0-bab8-0157564e42e7,edc4c2f6-508f-4c67-8abf-ce000328eb58,ad705c59-6893-4980-bdbf-0837f1823cc4
